sort,trial,location,State/Prov,Grower,# Entries,# Reps,Lat,Long,"Planting
Date","Harvest
Date","Row Width
(in)","# rows
planted","# rows
harvested","length planted
(ft)","length harvested
(ft)","Maturity
(ref check)","Loc Mean
(bu/ac)",CV (%),LSD (5%),Bordered?,End Trimmed?
1,.,,,,,,,,,,,,,,,,,,,,
2,24PTII,Ames,IA,Singh,40,2,41.971272,-93.630787,19-May,7-Oct,30,4,2,12,12,21-Sep,79.6,7.5,12.1,Y,N
3,24PTII,Lucas,IA,Singh,40,2,40.980105,-93.415709,1-Jun,11-Oct,30,4,2,12,12,19-Sep,58.9,11.1,13.2,Y,N
4,24PTII,Sutherland,IA,Singh,40,2,42.925567,-95.527129,10-Jun,22-Oct,30,4,2,12,12,N/A,67.2,8,10.9,Y,N
5,24PTII,Urbana,IL,Monteverde,40,2,40.053555,-88.235716,22-May,2-Oct,30,4,2,15,10,16-Sep,64.6,6.1,7.9,Y,Y
6,24PTII,West Lafayette,IN,Cai,40,2,40.4806472,-87.0045956,8-May,26-Sep,30,4,2,12,12,9-Sep,82.6,7,11.7,Y,N
7,24PTII,East Lansing,MI,Wang,40,2,42.63032,-84.437597,24-May,18-Oct,15,6,4,17,17,N/A,58.7,11.3,13.4,Y,N
8,24PTII,Cotesfield,NE,Graef,40,2,41.3305,-98.612,28-May,15-Oct,30,4,2,12.5,9.5,25-Sep,88.7,6,10.8,Y,Y
9,24PTII,Mead,NE,Graef,40,2,41.1595,-96.4195,18-May,27-Sep,30,4,2,12.5,9.5,20-Sep,74.5,6.9,10.3,Y,Y
10,24PTII,Phillips,NE,Graef,40,2,40.8897,-98.1495,29-May,25-Oct,30,4,2,12.5,9.5,23-Sep,85,5.4,9.4,Y,Y
11,24PTII,Hoytville,OH,McHale,40,2,41.21487,-83.757752,12-Jun,19-Oct,7.5,8,6,16,16,1-Oct,50,9.8,9.9,Y,N
12,24PTII,Chatham,ONT,Eskandari,40,2,42.4028995,-82.1223806,16-May,21-Oct,17,5,3,13.1,12.5,25-Sep,97.3,7.1,13.9,Y,Y
13,.,,,,,,,,,,,,,,,,,,,,
14,24PTIIIA,Ames,IA,Singh,30,2,41.971272,-93.630787,19-May,7-Oct,30,4,2,12,12,23-Sep,83.9,14.7,25.2,Y,N
15,24PTIIIA,Lucas,IA,Singh,30,2,40.980105,-93.415709,1-Jun,11-Oct,30,4,2,12,12,20-Sep,58.9,8.4,10.1,Y,N
16,24PTIIIA,Savoy,IL,Mahan,30,2,40.056616,-88.232983,23-May,17-Oct,30,4,2,11,11,25-Sep,73.8,6.4,9.6,Y,N
17,24PTIIIA,Urbana,IL,Monteverde,30,2,40.053555,-88.235716,22-May,14-Oct,30,4,2,15,10,24-Sep,70.7,8.3,12,Y,Y
18,24PTIIIA,West Lafayette,IN,Cai,30,2,40.4806368,-87.0037108,8-May,4-Oct,30,4,2,12,12,16-Sep,86.5,6.8,12,Y,N
19,24PTIIIA,Manhattan,KS,Schapaugh,30,2,39.13225,-96.618083,10-Jun,9-Oct,30,4,2,12,12,28-Sep,73.8,3.4,5.2,Y,N
20,24PTIIIA,Novelty,MO,Scaboo,30,2,39.943409,-92.059415,29-May,22-Oct,30,4,2,16,12,18-Sep,78.3,5.7,9.2,Y,Y
22,24PTIIIA,Cook,NE,Graef,30,2,40.5188,-96.2358,23-May,10-Oct,30,4,2,12.5,9.5,20-Sep,88.4,5.7,10.4,Y,Y
23,24PTIIIA,Steven's Creek,NE,Graef,30,2,40.8615,-96.5959,30-May,15-Nov,30,4,2,12.5,9.5,23-Sep,59.9,13.3,16.3,Y,Y
24,24PTIIIA,Phillips,NE,Graef,30,2,40.8897,-98.1495,29-May,25-Oct,30,4,2,12.5,9.5,N/A,84.8,4.6,7.9,Y,Y
25,24PTIIIA,Hoytville,OH,McHale,30,2,41.21487,-83.757752,12-Jun,19-Oct,7.5,8,6,16,16,7-Oct,60.9,5.9,7.4,Y,N
26,.,,,,,,,,,,,,,,,,,,,,
27,24PTIIIB,Ames,IA,Singh,35,2,41.971272,-93.630787,19-May,7-Oct,30,4,2,12,12,25-Sep,82.5,8.4,14.1,Y,N
28,24PTIIIB,Lucas,IA,Singh,35,2,40.980105,-93.415709,1-Jun,11-Oct,30,4,2,12,12,20-Sep,56.9,5.9,6.8,Y,N
29,24PTIIIB,Savoy,IL,Mahan,35,2,40.056616,-88.232983,23-May,17-Oct,30,4,2,11,11,25-Sep,73.2,3.8,5.6,Y,N
30,24PTIIIB,Urbana,IL,Monteverde,35,2,40.053555,-88.235716,22-May,14-Oct,30,4,2,15,10,24-Sep,67.4,7.6,10.4,Y,Y
31,24PTIIIB,West Lafayette,IN,Cai,35,2,40.4806368,-87.0037108,8-May,4-Oct,30,4,2,12,12,15-Sep,82,6.4,10.6,Y,N
32,24PTIIIB,Manhattan,KS,Schapaugh,35,2,39.13225,-96.618083,10-Jun,9-Oct,30,4,2,12,12,29-Sep,69.8,3.2,4.5,Y,N
33,24PTIIIB,Novelty,MO,Scaboo,35,2,39.943409,-92.059415,29-May,22-Oct,30,4,2,16,12,18-Sep,76.8,7.4,11.5,Y,Y
34,24PTIIIB,Rock Port,MO,Scaboo,35,2,40.269268,-95.473287,11-Jun,22-Nov,30,4,2,16,12,6-Oct,71.8,6.3,9.2,Y,Y
35,24PTIIIB,Cook,NE,Graef,35,2,40.5188,-96.2358,23-May,10-Oct,30,4,2,12.5,9.5,22-Sep,82.7,7,11.7,Y,Y
36,24PTIIIB,Steven's Creek,NE,Graef,35,2,40.8615,-96.5959,30-May,15-Nov,30,4,2,12.5,9.5,24-Sep,61.5,11.9,14.9,Y,Y
37,24PTIIIB,Phillips,NE,Graef,35,2,40.8897,-98.1495,29-May,25-Oct,30,4,2,12.5,9.5,N/A,79.3,7.5,12.2,Y,Y
38,24PTIIIB,Hoytville,OH,McHale,35,2,41.21487,-83.757752,12-Jun,19-Oct,7.5,8,6,16,16,4-Oct,65.6,6.4,8.5,Y,N
39,.,,,,,,,,,,,,,,,,,,,,
40,24PTIV,Savoy,IL,Mahan,38,2,40.056616,-88.232983,23-May,17-Oct,30,4,2,11,11,6-Oct,72.9,5.4,8,Y,N
41,24PTIV,Urbana,IL,Monteverde,38,2,40.053555,-88.235716,22-May,16-Oct,30,4,2,15,10,5-Oct,70.4,6.2,8.9,Y,Y
42,24PTIV,Butlerville,IN,Cai,38,2,39.0362213,-85.5263837,30-May,10-Oct,30,4,2,12,12,24-Sep,81,7.6,12.4,Y,N
43,24PTIV,West Lafayette,IN,Cai,38,2,40.4806396,-87.003017,8-May,16-Oct,30,4,2,12,12,29-Sep,91.4,5.1,9.4,Y,N
44,24PTIV,Manhattan,KS,Schapaugh,38,2,39.13225,-96.618083,10-Jun,18-Oct,30,4,2,12,12,2-Oct,72.3,4.4,6.4,Y,N
46,24PTIV,Manhattan-B,KS,Schapaugh,38,2,39.13225,-96.618083,12-Jun,21-Oct,30,4,2,12,12,5-Oct,67.8,5.3,7.2,Y,N
45,24PTIV,Ottawa-KS,KS,Schapaugh,38,2,38.540444,-95.247722,28-May,4-Oct,30,4,2,12,12,23-Sep,52.9,6.5,7,Y,N
47,24PTIV,Novelty,MO,Scaboo,38,2,39.943409,-92.059415,30-May,23-Oct,30,4,2,16,12,23-Sep,72.2,7.9,11.5,Y,Y
49,.,,,,,,,,,,,,,,,,,,,,
50,24UT00,Carman,MAN,Auclair,9,2,49.362,-97.891,23-May,25-Oct,15,3,3,30,30,24-Sep,47.7,3.7,4.1,N,N
51,24UT00,Crookston,MN,Lorenz,9,3,47.819986,-96.627273,29-May,8-Oct,30,4,2,12,12,13-Sep,46.3,6.2,5,Y,N
52,24UT00,Roseau,MN,Lorenz,9,3,48.87504,-95.81134,15-May,11-Oct,30,4,2,12,12,17-Sep,28.8,13.1,6.5,Y,N
53,24UT00,Thief River Falls,MN,Lorenz,9,3,48.12095,-96.24711,15-May,10-Oct,30,4,2,12,12,11-Sep,35.2,8.7,5.3,Y,N
54,24UT00,Casselton,ND,Miranda,9,3,46.886745,-97.235244,7-Jun,8-Oct,30,4,2,15,15,19-Sep,33.1,26.1,14.9,Y,N
55,24UT00,Galesburg,ND,Miranda,9,3,47.312871,-97.444351,22-May,4-Oct,30,4,2,15,15,17-Sep,32.3,18.4,10.3,Y,N
57,24UT00,Elora,ONT,Rajcan,9,3,43.636134,-80.406403,23-May,3-Oct,13,4,4,21.3,16.4,8-Sep,40.5,5.2,3.6,N,Y
58,24UT00,Ottawa-ONT,ONT,Cober,9,3,45.368323,-75.72633,2-Jun,17-Oct,18,4,4,16.4,13.2,15-Sep,41.2,10.4,7.4,N,Y
59,24UT00,Saint-Mathieu-de-Beloeil,QUE,O'Donoughue,9,3,45.579333,-73.255778,6-Jun,11-Oct,7,5,5,19,19,12-Sep,45.8,8.2,6.6,N,N
60,24UT00,Saskatoon,SAS,Warkentin,9,3,52.1579,106.6702,27-May,15-Oct,14,3,3,15,12,29-Sep,52.3,5.1,4.7,N,Y
61,.,,,,,,,,,,,,,,,,,,,,
62,24UT0,Crookston,MN,Lorenz,17,3,47.819986,-96.627273,29-May,7-Oct,30,4,2,12,12,19-Sep,46.7,6.7,5.2,Y,N
64,24UT0,Perley,MN,Lorenz,17,3,47.070288,-96.690597,14-Jun,11-Oct,30,4,2,12.5,12.5,2-Oct,21.8,14.5,7.1,Y,N
65,24UT0,Casselton,ND,Miranda,17,3,46.886745,-97.235244,7-Jun,8-Oct,30,4,2,15,15,29-Sep,44.4,20.8,15.4,Y,N
66,24UT0,Galesburg,ND,Miranda,17,3,47.312871,-97.444351,22-May,4-Oct,30,4,2,15,15,4-Oct,43.7,14.1,10.3,Y,N
68,24UT0,Elora,ONT,Rajcan,17,3,43.636134,-80.406403,23-May,3-Oct,13,4,4,21.3,16.4,18-Sep,43.1,8.2,5.9,N,Y
69,24UT0,Ottawa-ONT,ONT,Cober,17,3,45.370565,-75.730209,1-Jun,8-Oct,18,4,4,16.4,14.7,22-Sep,56.8,7.2,6.8,N,Y
70,24UT0,Saint Hyacinthe,QUE,Auclair,17,3,45.593,-72.933,21-May,17-Oct,19.7,3,3,13.1,13.1,28-Sep,49.4,8.2,6.8,N,N
71,24UT0,Saint-Mathieu-de-Beloeil,QUE,O'Donoughue,17,3,45.579333,-73.255778,6-Jun,11-Oct,7,5,5,19,19,2-Oct,54.4,10.7,9.7,N,N
72,.,,,,,,,,,,,,,,,,,,,,
73,24UTI,Sutherland,IA,Singh,27,3,42.925567,-95.527129,10-Jun,22-Oct,30,4,2,12,12,19-Sep,50.4,16.5,13.6,Y,N
74,24UTI,Wanatah,IN,Cai,27,2,41.4535689,-86.9381861,6-May,19-Sep,30,4,2,12,12,26-Aug,58.1,8.7,10.4,Y,N
75,24UTI,West Lafayette,IN,Cai,27,2,40.4806413,-87.0051709,8-May,18-Sep,30,4,2,12,12,28-Aug,59.9,10.1,12.4,Y,N
76,24UTI,East Lansing,MI,Wang,27,2,42.63032,-84.437597,24-May,18-Oct,15,6,4,17,17,18-Sep,55.9,9.9,11.4,Y,N
77,24UTI,Saginaw,MI,Wang,27,2,43.400464,-83.853567,1-Jun,8-Oct,15,6,4,17,17,N/A,55.6,11.9,13.6,Y,N
78,24UTI,Lamberton,MN,Lorenz,27,3,44.23334,-95.30453,16-May,9-Oct,30,4,2,12,12,18-Sep,39.9,10.2,6.7,Y,N
79,24UTI,Rosemount,MN,Lorenz,27,3,44.707076,-93.101168,8-May,16-Oct,30,4,2,12,12,22-Sep,37.5,8.3,5.1,Y,N
80,24UTI,Waseca,MN,Lorenz,27,3,44.07391,-93.52658,20-May,11-Oct,30,4,2,12,12,18-Sep,40.9,15.1,10.3,Y,N
9999,24UTI,Cotesfield,NE,Graef,27,2,41.3305,-98.612,28-May,15-Oct,30,4,2,12.5,9.5,19-Sep,80.6,9.8,16.3,Y,Y
81,24UTI,Mead,NE,Graef,27,2,41.1595,-96.4195,18-May,27-Sep,30,4,2,12.5,9.5,9-Sep,52.3,12.5,13.5,Y,Y
82,24UTI,Phillips,NE,Graef,27,2,40.8897,-98.1495,29-May,25-Oct,30,4,2,12.5,9.5,12-Sep,77,8.2,13.3,Y,Y
84,24UTI,St. Marys,ONT,Rajcan,27,3,43.329771,-81.107132,1-Jun,17-Oct,13,4,4,21.3,16.4,23-Sep,66.6,7.9,8.6,N,Y
85,24UTI,Woodstock,ONT,Rajcan,27,3,43.142926,-80.795859,11-Jun,27-Oct,13,4,4,21.3,16.4,3-Oct,58.9,7,6.7,N,Y
86,24UTI,Saint Hyacinthe,QUE,Auclair,27,3,45.593,-72.933,21-May,17-Oct,19.7,3,3,13.1,13.1,30-Sep,65.1,11.6,12.3,N,N
87,.,,,,,,,,,,,,,,,,,,,,
88,24UTII,Ames,IA,Singh,40,3,41.971272,-93.630787,19-May,7-Oct,30,4,2,12,12,17-Sep,83.9,8.3,11.3,Y,N
89,24UTII,Lucas,IA,Singh,40,3,40.980105,-93.415709,1-Jun,11-Oct,30,4,2,12,12,19-Sep,56.5,10.2,9.4,Y,N
90,24UTII,Sutherland,IA,Singh,40,3,42.925567,-95.527129,10-Jun,22-Oct,30,4,2,12,12,N/A,70.1,4.7,5.4,Y,N
91,24UTII,Monmouth,IL,Monteverde,40,2,40.9261151,-90.7248359,16-May,1-Oct,30,4,2,23,20,12-Sep,57.9,7.1,8.3,Y,Y
92,24UTII,Urbana,IL,Monteverde,40,2,40.053555,-88.235716,22-May,2-Oct,30,4,2,15,10,16-Sep,65,6.1,7.9,Y,Y
93,24UTII,Wanatah,IN,Cai,40,2,41.4535689,-86.9381861,6-May,19-Sep,30,4,2,12,12,2-Sep,72.8,9.6,14.1,Y,N
94,24UTII,West Lafayette,IN,Cai,40,2,40.4806472,-87.0045956,8-May,21-Sep,30,4,2,12,12,9-Sep,80.1,6.1,9.8,Y,N
95,24UTII,Britton,MI,Wang,40,2,41.937518,-83.817776,7-Jun,7-Nov,15,6,4,17,17,N/A,68.8,12,16.7,Y,N
96,24UTII,East Lansing,MI,Wang,40,2,42.63032,-84.437597,24-May,18-Oct,15,6,4,17,17,30-Sep,56.6,14.7,17,Y,N
97,24UTII,Cotesfield,NE,Graef,40,2,41.3305,-98.612,28-May,15-Oct,30,4,2,12.5,9.5,23-Sep,89.6,5,9.1,Y,Y
98,24UTII,Mead,NE,Graef,40,2,41.1595,-96.4195,18-May,27-Sep,30,4,2,12.5,9.5,19-Sep,76,8.7,13.4,Y,Y
99,24UTII,Phillips,NE,Graef,40,2,40.8897,-98.1495,29-May,25-Oct,30,4,2,12.5,9.5,24-Sep,87.1,6.5,11.5,Y,Y
100,24UTII,Hoytville,OH,McHale,40,3,41.21487,-83.757752,12-Jun,18-Oct,7.5,8,6,16,16,30-Sep,60.5,7,6.8,Y,N
101,24UTII,Chatham,ONT,Eskandari,40,3,42.4028995,-82.1223806,16-May,21-Oct,17,5,3,13.1,12.5,28-Sep,94.2,7.8,11.9,Y,Y
103,.,,,,,,,,,,,,,,,,,,,,
104,24UTIII,Ames,IA,Singh,40,3,41.971272,-93.630787,19-May,7-Oct,30,4,2,12,12,23-Sep,84.1,6.5,8.9,Y,N
105,24UTIII,Lucas,IA,Singh,40,3,40.980105,-93.415709,1-Jun,11-Oct,30,4,2,12,12,20-Sep,57.6,9.8,9.1,Y,N
106,24UTIII,Perry,IL,Monteverde,40,2,39.804012,-90.821587,13-Jun,14-Oct,30,4,2,23,20,N/A,41.3,16.3,13.6,Y,Y
107,24UTIII,Savoy,IL,Mahan,40,2,40.056616,-88.232983,23-May,17-Oct,30,4,2,11,11,25-Sep,78.8,6.5,10.3,Y,N
108,24UTIII,Urbana,IL,Monteverde,40,2,40.053555,-88.235716,22-May,14-Oct,30,4,2,15,10,23-Sep,71.2,8.1,11.7,Y,Y
109,24UTIII,Butlerville,IN,Cai,40,2,39.0362213,-85.5263837,30-May,10-Oct,30,4,2,12,12,16-Sep,81.8,6,9.9,Y,N
110,24UTIII,Wanatah,IN,Cai,40,2,41.4535689,-86.9381861,6-May,30-Sep,30,4,2,12,12,12-Sep,78.8,8,12.8,Y,N
111,24UTIII,West Lafayette,IN,Cai,40,2,40.4806368,-87.0037108,8-May,3-Oct,30,4,2,12,12,16-Sep,87.9,6.7,11.9,Y,N
112,24UTIII,Manhattan,KS,Schapaugh,40,3,39.13225,-96.618083,10-Jun,9-Oct,30,4,2,12,12,29-Sep,71.6,3.7,4.3,Y,N
113,24UTIII,Novelty,MO,Scaboo,40,3,39.943409,-92.059415,30-May,23-Oct,30,4,2,16,12,19-Sep,78.6,6.3,8,Y,Y
114,24UTIII,Rock Port,MO,Scaboo,40,3,40.269268,-95.473287,11-Jun,22-Nov,30,4,2,16,12,4-Oct,77.6,6.1,7.7,Y,Y
115,24UTIII,Cook,NE,Graef,40,2,40.5188,-96.2358,23-May,10-Oct,30,4,2,12.5,9.5,21-Sep,90,6.7,14.8,Y,Y
116,24UTIII,Steven's Creek,NE,Graef,40,2,40.8615,-96.5959,30-May,15-Nov,30,4,2,12.5,9.5,23-Sep,67.7,10.3,14.1,Y,Y
117,24UTIII,Phillips,NE,Graef,40,2,40.8897,-98.1495,29-May,25-Oct,30,4,2,12.5,9.5,N/A,85.4,5,8.6,Y,Y
118,24UTIII,Hoytville,OH,McHale,40,3,41.21487,-83.757752,12-Jun,19-Oct,7.5,8,6,16,16,4-Oct,66.1,6.9,7.4,Y,N
119,.,,,,,,,,,,,,,,,,,,,,
120,24UTIV,Belleville,IL,Monteverde,32,2,38.5332,-89.894514,6-Jun,22-Oct,30,4,2,23,20,N/A,42,16.3,14.1,Y,Y
121,24UTIV,Savoy,IL,Mahan,32,2,40.056616,-88.232983,23-May,17-Oct,30,4,2,11,11,7-Oct,78.6,5.1,8.2,Y,N
122,24UTIV,Urbana,IL,Monteverde,32,2,40.053555,-88.235716,22-May,16-Oct,30,4,2,15,10,5-Oct,67.4,9.8,13.4,Y,Y
123,24UTIV,Butlerville,IN,Cai,32,2,39.0362213,-85.5263837,30-May,10-Oct,30,4,2,12,12,23-Sep,81.2,5.9,9.7,Y,N
124,24UTIV,West Lafayette,IN,Cai,32,2,40.4806396,-87.003017,8-May,16-Oct,30,4,2,12,12,29-Sep,91.7,5.5,10.3,Y,N
125,24UTIV,Manhattan,KS,Schapaugh,32,3,39.13225,-96.618083,10-Jun,17-Oct,30,4,2,12,12,30-Sep,69.9,4.3,4.9,Y,N
127,24UTIV,Manhattan-B,KS,Schapaugh,32,3,39.13225,-96.618083,12-Jun,18-Oct,30,4,2,12,12,6-Oct,68,7,7.8,Y,N
126,24UTIV,Ottawa-KS,KS,Schapaugh,32,3,38.540444,-95.247722,28-May,4-Oct,30,4,2,12,12,25-Sep,50,7.3,5.9,Y,N
128,24UTIV,Novelty,MO,Scaboo,32,3,39.943409,-92.059415,30-May,23-Oct,30,4,2,16,12,26-Sep,76.1,6.4,7.9,Y,Y
129,24UTIV,Rock Port,MO,Scaboo,32,3,40.269268,-95.473287,12-Jun,23-Nov,30,4,2,16,12,7-Oct,76.9,6.2,7.8,Y,Y
130,.,,,,,,,,,,,,,,,,,,,,
131,24UT0TM,Crookston,MN,Lorenz,24,3,47.819986,-96.627273,29-May,8-Oct,30,4,2,12,12,20-Sep,45.3,9.8,7.3,Y,N
133,24UT0TM,Thief River Falls,MN,Lorenz,24,3,48.12095,-96.24711,15-May,10-Oct,30,4,2,12,12,21-Sep,33.1,14.8,9.7,Y,N
134,24UT0TM,Casselton,ND,Miranda,24,3,46.886745,-97.235244,7-Jun,8-Oct,30,4,2,15,15,29-Sep,38,22,13.7,Y,N
135,24UT0TM,Galesburg,ND,Miranda,24,3,47.312871,-97.444351,22-May,4-Oct,30,4,2,15,15,27-Sep,37.9,22.2,13.9,Y,N
137,.,,,,,,,,,,,,,,,,,,,,
138,24UTITM,Ames,IA,Singh,23,3,41.971272,-93.630787,19-May,7-Oct,30,4,2,12,12,6-Sep,64.3,8.2,8.7,Y,N
139,24UTITM,Wanatah,IN,Cai,23,2,41.4535689,-86.9381861,6-May,19-Sep,30,4,2,12,12,28-Aug,56.4,8.3,9.7,Y,N
140,24UTITM,West Lafayette,IN,Cai,23,2,40.4806413,-87.0051709,8-May,18-Sep,30,4,2,12,12,30-Aug,59.8,10.6,13.2,Y,N
141,24UTITM,East Lansing,MI,Wang,23,2,42.63032,-84.437597,24-May,18-Oct,15,6,4,17,17,19-Sep,56.7,9.3,11,Y,N
142,24UTITM,Saginaw,MI,Wang,23,2,43.400464,-83.853567,1-Jun,8-Oct,15,6,4,17,17,N/A,57,9.2,10.9,Y,N
143,24UTITM,Lamberton,MN,Lorenz,23,3,44.23334,-95.30453,16-May,8-Oct,30,4,2,12,12,20-Sep,36.4,8.3,4.9,Y,N
144,24UTITM,Rosemount,MN,Lorenz,23,3,44.707076,-93.101168,8-May,16-Oct,30,4,2,12,12,21-Sep,33.7,10.7,6,Y,N
145,24UTITM,Waseca,MN,Lorenz,23,3,44.07391,-93.52658,20-May,10-Oct,30,4,2,12,12,18-Sep,43.1,12.4,8.8,Y,N
146,.,,,,,,,,,,,,,,,,,,,,
147,24UTIITM,Ames,IA,Singh,30,3,41.971272,-93.630787,19-May,7-Oct,30,4,2,12,12,20-Sep,81.6,7.7,10.2,Y,N
148,24UTIITM,Monmouth,IL,Monteverde,30,2,40.9261151,-90.7248359,16-May,1-Oct,30,4,2,23,20,15-Sep,48.9,7.7,7.7,Y,Y
149,24UTIITM,Urbana,IL,Monteverde,30,2,40.053555,-88.235716,22-May,7-Oct,30,4,2,15,10,15-Sep,63.4,6.4,8.3,Y,Y
150,24UTIITM,Wanatah,IN,Cai,30,2,41.4535689,-86.9381861,6-May,19-Sep,30,4,2,12,12,1-Sep,64.6,9,11.9,Y,N
151,24UTIITM,West Lafayette,IN,Cai,30,2,40.4806472,-87.0045956,8-May,21-Sep,30,4,2,12,12,8-Sep,74.1,5.8,8.8,Y,N
152,24UTIITM,Britton,MI,Wang,30,2,41.937518,-83.817776,7-Jun,8-Nov,15,6,4,17,17,N/A,69.2,5.4,7.7,Y,N
153,24UTIITM,East Lansing,MI,Wang,30,2,42.63032,-84.437597,24-May,18-Oct,15,6,4,17,17,30-Sep,59.8,8.1,9.9,Y,N
154,.,,,,,,,,,,,,,,,,,,,,
155,24UTIIITM,Ames,IA,Singh,23,3,41.971272,-93.630787,19-May,7-Oct,30,4,2,12,12,24-Sep,84.8,5.1,7.1,Y,N
156,24UTIIITM,Perry,IL,Monteverde,23,2,39.804012,-90.821587,13-Jun,14-Oct,30,4,2,23,20,N/A,44.1,19.3,17.8,Y,Y
157,24UTIIITM,Urbana,IL,Monteverde,23,2,40.053555,-88.235716,22-May,16-Oct,30,4,2,15,10,26-Sep,75,4.4,6.8,Y,Y
158,24UTIIITM,Butlerville,IN,Cai,23,2,39.0362213,-85.5263837,30-May,10-Oct,30,4,2,12,12,16-Sep,85.9,5.8,10.3,Y,N
159,24UTIIITM,Wanatah,IN,Cai,23,2,41.4535689,-86.9381861,6-May,30-Sep,30,4,2,12,12,9-Sep,75.5,10.1,15.9,Y,N
160,24UTIIITM,West Lafayette,IN,Cai,23,2,40.4806368,-87.0037108,8-May,3-Oct,30,4,2,12,12,16-Sep,81.6,4.1,6.9,Y,N
161,24UTIIITM,Novelty,MO,Scaboo,23,3,39.943409,-92.059415,30-May,23-Oct,30,4,2,16,12,19-Sep,76.3,6.2,7.8,Y,Y
162,24UTIIITM,Rock Port,MO,Scaboo,23,3,40.269268,-95.473287,12-Jun,22-Nov,30,4,2,16,12,6-Oct,72.8,8.1,9.7,Y,Y
163,.,,,,,,,,,,,,,,,,,,,,
164,24UTIVTM,Belleville,IL,Monteverde,13,2,38.5332,-89.894514,6-Jun,22-Oct,30,4,2,23,20,N/A,42.1,11.5,10.5,Y,Y
165,24UTIVTM,Urbana,IL,Monteverde,13,2,40.053555,-88.235716,22-May,16-Oct,30,4,2,15,10,6-Oct,76.8,5.7,9.5,Y,Y
166,24UTIVTM,Butlerville,IN,Cai,13,2,39.0362213,-85.5263837,30-May,10-Oct,30,4,2,12,12,23-Sep,85.1,3.1,5.7,Y,N
167,24UTIVTM,West Lafayette,IN,Cai,13,2,40.4806396,-87.003017,8-May,16-Oct,30,4,2,12,12,28-Sep,98.8,3.6,7.9,Y,N
168,24UTIVTM,Novelty,MO,Scaboo,13,3,39.943409,-92.059415,30-May,23-Oct,30,4,2,16,12,26-Sep,76.5,5.1,6.6,Y,Y
169,24UTIVTM,Rock Port,MO,Scaboo,13,3,40.269268,-95.473287,12-Jun,23-Nov,30,4,2,16,12,9-Oct,73.8,4.4,5.5,Y,Y
