City,State,Country,lat,lon,StationName,Geocoded_City,NeedsVerification,Source
Georgetown,DE,USA,38.690051,-75.385875,,Georgetown,0,
Newark,DE,USA,39.682836,-75.751568,,Newark,0,
Ames,IA,USA,41.971272,-93.630787,ISU Agronomy and Agricultural Engineering Research Center,Ames,0,modern_plotinfo_2024
Corwith,IA,USA,42.992919,-93.957364,,Corwith,0,
Cresco,IA,USA,43.373615,-92.116144,,Cresco,0,
Hudson,IA,USA,42.406586,-92.455301,,Hudson,0,
Kanawha,IA,USA,42.935403,-93.793368,,Kanawha,0,
Knierim,IA,USA,42.455544,-94.457158,,Knierim,0,
Marshalltown,IA,USA,42.048881,-92.912267,,Marshalltown,0,
Ottumwa,IA,USA,41.019566,-92.411689,,Ottumwa,0,
Stuart,IA,USA,41.503321,-94.318574,,Stuart,0,
Sutherland,IA,USA,42.974285,-95.497564,,Sutherland,0,
Belleville,IL,USA,38.5332,-89.894514,USDA ARS Dale Bumpers Small Farms Research Center (check),Belleville,0,modern_plotinfo_2024
Brownstown,IL,USA,38.995878,-88.952839,,Brownstown,0,
Carbondale,IL,USA,37.727469,-89.216655,,Carbondale,0,
Clayton,IL,USA,40.031437,-90.96069,,Clayton,0,
Dekalb,IL,USA,41.890345,-88.771395,NIU / DeKalb County research station,DeKalb County,1,
Dwight,IL,USA,41.094477,-88.42506,,Dwight,0,
Eldorado,IL,USA,37.813658,-88.438103,,Eldorado,0,
Girard,IL,USA,39.445883,-89.77825,,Girard,0,
Greenfield,IL,USA,39.343658,-90.212615,,Greenfield,0,
Mt. Morris,IL,USA,42.050306,-89.43122,,Mount Morris,0,
Pontiac,IL,USA,40.880867,-88.629784,,Pontiac,0,
Stonington,IL,USA,39.640043,-89.192861,,Stonington,0,
Sullivan,IL,USA,39.599479,-88.607839,,Sullivan,0,
Urbana,IL,USA,40.053555,-88.235716,UIUC Crop Sciences Research and Education Center,Urbana,0,modern_plotinfo_2024
Bluffton,IN,USA,40.738658,-85.171637,,Bluffton,0,
Evansville,IN,USA,37.970495,-87.571564,,Evansville,0,
Greenfield,IN,USA,39.78551,-85.768198,,Greenfield,0,
Lafayette,IN,USA,40.480647,-87.004596,Purdue Agronomy Center for Research and Education,Lafayette,0,modern_plotinfo_2024
Sullivan,IN,USA,39.049272,-87.417264,,Sullivan County,0,
Vincennes,IN,USA,38.677269,-87.528633,,Vincennes,0,
Walkerton,IN,USA,41.466711,-86.483068,,Walkerton,0,
Worthington,IN,USA,39.118558,-86.976599,,Worthington,0,
Ashland,KS,USA,37.188638,-99.765683,,Ashland,0,
Manhattan,KS,USA,39.13225,-96.618083,Kansas State University Agronomy Farm,Manhattan,0,modern_plotinfo_2024
Mound Valley,KS,USA,37.205346,-95.404975,,Mound Valley,0,
Ottawa,KS,USA,39.127365,-97.656809,,Ottawa County,0,
Powhattan,KS,USA,39.761462,-95.633583,,Powhattan,0,
Thayer,KS,USA,37.4886,-95.472639,,Thayer,0,
Lexington,KY,USA,38.046407,-84.497039,,Lexington,0,
Brandon,MAN,Canada,49.851114,-99.960892,Agriculture and Agri-Food Canada Brandon Research Centre,Brandon,1,
Morden,MAN,Canada,49.192706,-98.101457,Agriculture and Agri-Food Canada Morden Research Centre,Morden,1,
Portage La Prairie,MAN,Canada,49.972422,-98.289185,,Portage la Prairie,0,
Winnipeg,MAN,Canada,49.895537,-97.138458,Agriculture and Agri-Food Canada Winnipeg,Winnipeg,1,
Beltsville,MD,USA,39.039774,-76.927185,USDA ARS Beltsville Agricultural Research Center,Beltsville,1,
Clarksville,MD,USA,39.206545,-76.942918,,Clarksville,0,
Queenstown,MD,USA,38.990668,-76.157727,University of Maryland Upper Chesapeake Agricultural Center,Queenstown,1,
Dearborn,MI,USA,42.32226,-83.176315,,Dearborn,0,
Deerfield,MI,USA,41.888936,-83.778828,,Deerfield,0,
Dundee,MI,USA,41.957268,-83.65966,,Dundee,0,
East Lansing,MI,USA,42.63032,-84.437597,MSU Agronomy Farm,East Lansing,0,modern_plotinfo_2024
Ida,MI,USA,41.910902,-83.573458,,Ida,0,
Ithaca,MI,USA,43.291698,-84.6075,,Ithaca,0,
Ottawa Lake,MI,USA,41.764152,-83.749387,,Ottawa Lake,0,
Crookston,MN,USA,47.819986,-96.627273,UMN Northwest Research and Outreach Center,Crookston,0,modern_plotinfo_2024
Lamberton,MN,USA,44.23334,-95.30453,UMN Southwest Research and Outreach Center,Lamberton,0,modern_plotinfo_2024
Morris,MN,USA,45.586072,-95.913941,UMN West Central Research and Outreach Center,Morris,1,
Rosemount,MN,USA,44.707076,-93.101168,UMN Rosemount Research and Outreach Center,Rosemount,0,modern_plotinfo_2024
St. Paul,MN,USA,44.949749,-93.093103,,Saint Paul,0,
Waseca,MN,USA,44.07391,-93.52658,UMN Southern Research and Outreach Center,Waseca County,0,modern_plotinfo_2024
Clinton,MO,USA,39.597599,-94.41849,,Clinton County,0,
Columbia,MO,USA,38.951883,-92.333737,MU Bradford Research Center,Columbia,1,
Laddonia,MO,USA,39.24254,-91.645438,,Laddonia,0,
Norborne,MO,USA,39.302517,-93.677438,,Norborne,0,
Novelty,MO,USA,40.012539,-92.208238,,Novelty,0,
Portageville,MO,USA,36.425366,-89.700638,MU Portageville Research Center,Portageville,1,
Portageville Clay,MO,USA,36.425366,-89.700638,MU Portageville Research Center,Portageville MO,1,
Portageville Loam,MO,USA,36.425366,-89.700638,MU Portageville Research Center,Portageville MO,1,
Fargo,ND,USA,46.877229,-96.789821,NDSU Main Station / USDA ARS Fargo,Fargo,1,
Oakes,ND,USA,46.138579,-98.090379,,Oakes,0,
Lincoln,NE,USA,40.808886,-96.707775,,Lincoln,0,
Mead,NE,USA,41.226621,-96.489259,,Mead,0,
Adelphia,NJ,USA,40.218168,-74.256257,,Adelphia,0,
Burlington,NJ,USA,39.932541,-74.722667,,Burlington County,0,
Burlington Co.,NJ,USA,39.932541,-74.722667,,Burlington County,0,
Englishtown,NJ,USA,40.297332,-74.358204,,Englishtown,0,
Middlesex Co.,NJ,USA,40.427971,-74.39631,,Middlesex County,0,
New Brunswick,NJ,USA,40.495137,-74.443925,,New Brunswick,0,
Columbus,OH,USA,39.96226,-83.000707,,Columbus,0,
Cortland,OH,USA,41.330137,-80.725243,,Cortland,0,
Harrow,OH,USA,39.157664,-84.419104,,Harrow Avenue,0,
Holgate,OH,USA,41.248937,-84.133,,Holgate,0,
Hoytville,OH,USA,41.190052,-83.784659,,Hoytville,0,
Mt. Healthy,OH,USA,39.233669,-84.545778,,Mount Healthy,0,
S. Charleston,OH,USA,39.825338,-83.634367,,South Charleston,0,
Wooster,OH,USA,40.798098,-81.939773,OARDC (Ohio Ag Research and Development Center),Wooster,1,
Elora,ONT,Canada,43.636134,-80.406403,University of Guelph Elora Research Station,Elora,0,modern_plotinfo_2024
Guelph,ONT,Canada,43.546052,-80.249328,University of Guelph,Guelph,1,
Harrow,ONT,Canada,42.035586,-82.918359,Agriculture and Agri-Food Canada Harrow Research Centre,Harrow,1,
London,ONT,Canada,42.983675,-81.249607,,London,0,
Ottawa,ONT,Canada,45.368323,-75.72633,Agriculture and Agri-Food Canada Ottawa Research Centre,Ottawa,0,modern_plotinfo_2024
Ridgetown,ONT,Canada,42.439235,-81.887051,University of Guelph Ridgetown Campus,Ridgetown,1,
Ontario,OR,USA,44.026553,-116.962938,,Ontario,0,
Lancaster,PA,USA,40.037996,-76.305671,,Lancaster,0,
Landisville,PA,USA,40.09512,-76.410196,,Landisville,0,
Palmyra,PA,USA,40.308858,-76.593237,,Palmyra,0,
State College,PA,USA,40.79445,-77.861639,Penn State Agronomy Research Farm,State College,1,
Brookings,SD,USA,44.311461,-96.79844,SDSU Agricultural Experiment Station,Brookings,1,
Elk Point,SD,USA,42.686532,-96.682922,,Elk Point,0,
Elkpoint,SD,USA,42.686532,-96.682922,,Elk Point SD (corrected),0,
Point Elk,SD,USA,42.686532,-96.682922,,Elk Point,0,
Rosholt,SD,USA,45.866626,-96.731463,,Rosholt,0,
Sisseton,SD,USA,45.664557,-97.049791,,Sisseton,0,
Watertown,SD,USA,44.899211,-97.115289,,Watertown,0,
Lubbock,TX,USA,33.585568,-101.847021,Texas A&M AgriLife Research Center Lubbock,Lubbock,1,
Blacksburg,VA,USA,37.229657,-80.413677,,Blacksburg,0,
Moses Lake,WA,USA,47.130142,-119.278077,,Moses Lake,0,
Arlington,WI,USA,43.337713,-89.377932,UW-Madison Arlington Agricultural Research Station,Arlington,1,
Ashland,WI,USA,46.206232,-90.680259,Northern Soils and Crops Research Station (USDA / UW),Ashland County,1,
Durand,WI,USA,44.62837,-91.967663,,Durand,0,
Eau Claire,WI,USA,44.811349,-91.498494,,Eau Claire,0,
Fall City,WI,USA,44.809017,-89.683735,,Fall City Court,0,
Madison,WI,USA,43.07469,-89.384166,UW-Madison Agronomy Farm,Madison,1,
Spooner,WI,USA,45.826773,-91.888238,,Spooner,0,
